extensionid,extensionname
aahgedicnflocieijakkchahpgbaekbi,Electric Man 2
aapbdbdomjkkjkaonfhkkikfgjllcleb,Google Translate
abikfbojmghmfjdjlbagiamkinbmbaic,Equalizer for Chrome browser
acifeljplikjhjobbicjiknoeafjoddh,New tab page by start.me
aciipkgmbljbcokcnhjbjdhilpngemnj,Slope Unblocked Game
adbacgifemdbhdkfppmeilbgppmhaobf,RoPro - Enhance Your Roblox Experience
adlpodnneegcnbophopdmhedicjbcgco,Free VPN for Chrome - Troywell VPN
admmjipmmciaobhojoghlmleefbicajg,Norton Password Manager
adpffjpbhgiofmjffgcnohaielbeekfk,style flex
aeblfdkhhhdcdjpifhhbdiojplfjncoa,1Password – Password Manager
aeehekhncjhhmchjolinnihgdpapmljk,Cursor Cat
aefkjchbonkicckpiebkmalmccogopoc,Global VPN Theme
afcolgfopkbeailjgaablmhiemdnhlch,Settings
afefmfbcccnppcaiebpmbpmddhilkkdi,Website Safety Check for Chrome™
afimbdjeknokdnhccecbkonhehohkbpa,aB Fish
afjalapmoeafbodcldaljhnbmldihgpi,Private Mode
aflabfjfkmigckmdheangooblmohhogf,Best Online Browser Tools
afpbjjgbdimpioenaedcjgkaigggcdpp,QR Code Generator
agbkfknnhpgimbgjpgpmjnhhfgomgfef,Corn Clicker
aghfnjkcakhmadgdomlmlhhaocbkloab,Just Black
aghmkbijfccjeapeaigbhnhnahhdfcpf,???????
agipnmmjnjcfgkhmlgifikmibgngblop,Atomic Video Downloader
agjfacokcigogmjlogmobpgmifhnopco,Basketball Legends Unblocked
ahmapmilbkfamljbpgphfndeemhnajme,Helperbird: Accessibility & Productivity App
aiiopdojilknlomkphnodggabookccnh,Information Gathering
ajccaafjaaklpcfcnmphjlknnjfgdmep,"BitLife for PC, Mac, Windows [Life Simulator]"
ajphlblkfpppdpkgokiejbjfohfohhmk,Mote: voice notes & feedback
akaebfipbmafdpohadopajfibcmpbnhb,Sonic Generations Theme 3
alfgclaljdbleenfjjnkefddlgbknllp,Permanent Inspect Element
alhngdkjgnedakdlnamimgfihgkmenbh,Mobility Print
amfkjkkmmmefdhndgefeeeeaoiajbmea,CMG Hacks
amhhjibmkkeodkekchhdlpabecdghggn,Volume Booster
amipdmnjbjlejilkdnceobmeehcnmgib,1v1 LOL Unblocked Game New Tab
amjpdgpgkinjeonoelcinmjdopohhgci,Change Color
amnbcmdbanbkjhnfoeceemmmdiepnbpp,Honey: Automatic Coupons & Rewards
amnoibeflfphhplmckdbiajkjaoomgnj,HideAll VPN - Fast & Unlimited VPN
amojccmdnkdlcjcplmkijeenigbhfbpd,Open in Opera Browser
anflghppebdhjipndogapfagemgnlblh,Cute Cursors - Custom Cursor for Chrome
angpobjaifbbokhjmnfgohnpgmhlfipj,Super VPN for PC and Windows - Theme New Tab
annfbnbieaamhaimclajlajpijgkdblo,Dark Theme for Google Chrome
aobcgffnbkbipbflopponndoiommhnch,Rose
aogkniilndigdbhikgjhialgiileaiih,Shell Shockers Unblocked
aohghmighlieiainnegkcijnfilokake,Docs
apdfncmbebfngdallaghamhpgbhbgdlk,Slither.io Unblocked
apdihfpnlkpbmpkehgdkcmknklmbilal,Free Time Games
apdneiccgacjcflemebemckpaalfipep,Web Score by Protecto
apghicjnekejhfancbkahkhdckhdagna,Destiny Item Manager Shortcut
apiabgjfojnkcepfmbdechlhfocpeenc,Dark Theme for Google™
apknjgfnkmomcmadikbpkeabjjbojogm,Colorful Emotions
apmdbbjakfnangndikaijbehbhkcknna,Original Squid Game Offline
bbcinlkgjjkejfdpemiealijmmooekmp,LastPass: Free Password Manager
bdpaoopmnbhmhpnpplpdanjigencjjje,Boomerang for Gmail
bfccnohjcpkpehbjanbgdeaabminfiea,Halo The Series – Artifact
bfgdeiadkckfbkeigkoncpdieiiefpig,Bitmoji
bfgjjammlemhdcocpejaompfoojnjjfn,PrinterLogic Extension v1.0.5.12
bfjbejmeoibbdpfdbmbacmefcbannnbg,Mitaka
bfmdoldgkhjccclcfpegccbabmpbgaod,Minecraft Legends – Allays
bgnkhhnnamicmpeenaelnjfhikgbkllg,AdGuard AdBlocker
bhaeffhiollngcgdhoepmdckmeadgnbk,Convert PDF to Excel
bhjlkimpkkgkmfjlcfngmakenalgleap,Chess.com Analysis at Lichess
bhlhnicpbhignbdhedgjhgdocnmhomnp,ColorZilla
bihmplhobchoageeokmgbdihknkjbknd,Touch VPN - Secure and unlimited VPN proxy
biobhimkjkgacocfklbhehiaplnjbbci,1v1 LOL Unblocked
bjemkmoeimabpgeopncibdnbjblbjlbm,Drift Hunters Unblocked
bjhjecadlnhmejnanldfcbnblcfaoalg,Movie Database
bjlecahbpkpelangnbapbodhhcdnbbam,Slope City Unblocked - Unblocked Games 66
bkdgflcldnnnapblkhphbgpggdiikppg,DuckDuckGo Privacy Essentials
bkgoflemacdadndiohhdnphcmdhacabg,Pinterest Save Button
bkkbcggnhapdmkeljlodobbkopceiche,Pop up blocker for Chrome™ - Poper Blocker
bkpenclhmiealbebdopglffmfdiilejc,Tab Resize - split screen layouts
blenoallcdijagcfhdbidjiimoandabh,nCage+
blillmbchncajnhkjfdnincfndboieik,Glasp: Social Web Highlighter & Note-taking
blpcfgokakmgnkcojhhkbfbldkacnbeo,YouTube
bmanlajnpdncmhfkiccmbgeocgbncfln,Slinky Elegant
bmjmipppabdlpjccanalncobmbacckjn,Cursor style - custom cursor for your browser
bmnlcjabgnpnenekpadlanbbkooimhnj,Honey: Automatic Coupons & Cash Back
bmnpmaoidmckbbpemjgomghonhpnpafm,Galaxy of Goodies
bnbaboaihhkjoaolfnfoablhllahjnee,GeoGebra Classic
bnchicpgbdgahiecgofdabidjihblaff,Tetrys
bnmojkbbkkonlmlfgejehefjldooiedp,"Otter.ai: Transcribe, Record Meeting Notes"
bnplfnhcidhhdapmblniehfaaompjlck,Microsoft Rewards
boamfheepdiallipiieadpmnklbhadhc,EasyReader
bodeglehbhhophjohjfpddflimmhilod,Robux to USD
boffpaecgbbojpkboijhbmhecoefdehi,"SAML, WS-Federation and OAuth 2.0 tracer"
bpflbjmbfccblbhlcmlgkajdpoiepmkd,coordinates
bpokehhbejeciipobnhjkhhflnmpidkf,??????? ?????
bpplilmdnnhkpniamolailkkgogklkbk,Fnf Mods Unblocked
caclkomlalccbpcdllchkeecicepbmbm,Advanced Font Settings
caeppcjbpjohbcpcpohjicfdcaglgabf,Catch Cat - Super Game
cbdobfnjgnmlcajcamdfjeofmnecepdl,Chrome Snake
cbhilkcodigmigfbnphipnnmamjfkipp,Calendly: Meeting Scheduling Software
cbmcndepmfddphpcoonaolkphfhbooff,Stickman Hook
cbnaodkpfinfiipjblikofhlhlcickei,Weava Highlighter - PDF & Web
ccnpdidcjgcdgaopacccfghmgdlipnoc,Laser Cat
cdakphgaifggfbcbofkglpopdkcpogen,Pixel Combat 2 Unblocked
cdanijnogkpfidnaephhangcbkhnimnf,Space Invader Game
cddgplffojbmjffebkmngmmlhkkhfibp,Prodigy Hacking Extension | X Loader
cdfdkmklcjlnnnlnplffpdiekfhkpbme,High Contrast Colorful
cfhdojbkjhnklbpkdaibdccddilifddb,Adblock Plus - free ad blocker
cfpdompphcacgpjfbonkdokgjhgabpij,Glean
cfpodbpbpcaccakppfhhmocmjleehngd,Unblock Sites
cgfmhimglklfdghdakeofacjicdcmfof,One Piece Cursor
cghdfcbncfjhleinblpalngjhojokjeo,Total Security for Chrome™
cgilogkdbbgmgabhfoaaaedodhelhndn,Satin Stacks
chgiddljhokfbppnhfphdabejocpopgk,GeForce NOW Unlocker
chhjbpecpncaggjpdakmflnfcopglcmi,Rakuten: Get Cash Back For Shopping
chlffgpmiacpedhhbkiomidkjlcfhogd,Pushbullet
ciiepdilkgkacpioofhgljmidgjodjcl,Pacman Game Offline for Google Chrome
cioloaghdfplojaclmjnboaloifepeol,Pink Chrome Theme
cjaldahkfgodhkdpnidcicgofafpngpl,Vision Web Filter
cjleljbilamfihdkmmnanlmmlgcblmkn,Convert Files Free
cjpalhdlnbpafiamejdnhcphjbkeiagm,uBlock Origin
ckejmhbmlajgoklhgbapkiccekfoccmk,Mobile simulator - responsive testing tool
ckpgbnnkddpiecdggjedokigklbccbgb,Cookie Clicker
clmabinlolakdafkoajkfjjengcdmnpm,Scratch Device Plugin Helper
cmbndhnoonmghfofefkcccljbkdpamhi,Hack-Tools
cmdpfacmlgednonhndniedecknojeaeb,Chromebook Simulator
cmedhionkhpnakcndndgjdbohmhepckk,Adblock for Youtube™
cmhmcmgkegfffbbfobhjpdbimgmoohap,Slate
cnfpafcflghhnmcdmomglkcofdgalljf,Rocks Network CORS Fix
cnlefmmeadmemmdciolhbnfeacpdfbkd,Grammar Checker and Writing App
cnolgfddllhjckmfcdemecbaidahkikk,Tiger
cocfojppfigjeefejbpfmedgjbpchcng,SaferVPN Proxy - Free & Fast Privacy App
concmofbknkmjjfjgcnmdceaigjhfgke,Blue and Black Stitch Theme
cpbdlogdokiacaifpokijfinplmdiapa,Print Logic for Edge
cpedeojecpbkcomgcolphimkjdnikbck,Auto Clicker
cpmhdnalkehmhopaeoibalmapoppcfai,Images Switcher
daekmmlfbbfdbbhaagleepahmepoiafk,AdsKiller
dagcmkpagjlhakfdhnbomgmjdpkdklff,Mendeley Web Importer
dajojohmjimblmailojhafljiknmlbeb,T-Rex Runner
danjmbbdjabpapehlajpomcignjnoidp,Pandora Listener
dbcjahjgmipefpapjkbcjeglciobkiih,Slickdeals: Automatic Coupons and Deals
dcbeddldohkakodfncjnkkjfojggbahp,Galaxy-View
dcecjjjnjecoiehclollekjmfgblkkha,School Cheats
dchlhjbjgidmgmhpffchaikcpigoopcp,Hellcat
dcjeomdmbbmmafpmifjdfceafjhkaleo,Akinator
ddcbpgaonefnjcnikdkbbdfgcgnpbndd,Cool Addicting Math Games
ddfbkhpmcdbciejenfcolaaiebnjcbfc,Connect for Chrome - Education
ddfofcghoipfhgjbkjdoiomhidgjmmgi,Prodigy Hacking Extension (PHEx)
ddihdomdfpicmiobogkoaideoklkhbah,Material Dark Theme - Dark Chocolate
demobnofkomfbogjincnhafcdkckoffj,Avocado Cleaner
denclkkkinblmabbbedcablldldmjlle,JP Performance - BMW M4 (unoffical)
dfbmcelmchhnfkmpccoabeplnmdljeod,Kite Student Portal
dfhkicdkipjajahakeekjmkemmeoaklc,AdsKiller
dflhdhaongicmdoehgecolgdoacpoenl,Geometry Dash MOD APK Unlimited Everything
dfmpaemifkgbnlgcccccnfjjkeiikeie,Audio editor & music editor AudioStudio
dgdkmckffgjhgillodbmkfafcmodijel,CookieMenu
dgmmkgcekaojdahccnopdhdalgkddijf,Cenafy for Chrome
dhdgffkkebhmkfjojejmpbldmpobfkfo,Tampermonkey
digoaejcopelkbkcbiemimccohaooggd,Easy Auto Refresh
djidapogageiehhmihamgimggepbnojp,Givebacks Genie
djlgdeklopcjagknhlchbdjekgpgenad,Dark Theme v3
djphelnkeombgogeophphofmjkbooofh,Video Duration for YouTube™
dkcjihabohaldgjkdmenepolojcjdaah,Verify Site Safety for Chrome
dlekfkodmapohfdcbfomcjgfiaccmkhj,Chile y Limón
dmanofidmlhjjieigmhojceepjkgmadj,Speed Controller for HTML5 Videos
dmgaboifbpokjbdcbnmkcohiondlampj,Clownfish Voice Changer for Chrome
dmghijelimhndkbmpgbldicpogfkceaj,Dark Mode
dmlmcpcjndojhbflolmdgfpojnjfdlbj,Zoho Annotator
dmnajaiijohbndidolbdbpicdjanombo,Incognito Search for Chrome
dncepekefegjiljlfbihljgogephdhph,TouchEn PC?? ??
dncgedbnidfkppmdgfgidcepclnokpkb,Vernier Graphical Analysis
dnikndholcfgbcmhajhnlneahodecnlb,Naruto Wallpaper
dnmjjcgfnhdnbijipbckgglcealompgh,Connected Kingdom
dnnmgcbgmfoeifpcmlligbagoiijmepj,Mitel Connect
dnollkdkikklpdganoecjcmmlddbennb,Split Screen for Google Chrome
donbcfbmhbcapadipfkeojnmajbakjdc,Ruffle
doojmbjmlfjjnbmnoijecmcbfeoakpjm,NoScript
dpacanjfikmhoddligfbehkpomnbgblf,AHA Music - Song Finder for Browser
dpdjhgagfknncflikadmnpobabempggk,Morbius
dpgjihldbpodlmnjolekemlfbcajnmod,Sumopaint - Online Image Editor
dphnphagmijendobbmgifjfdpeaaaonn,Sling Tomb Adventure Game Offline
dppgmdbiimibapkepcbdbmkaabgiofem,1Password – Password Manager
dpplabbmogkhghncfbfdeeokoefdjegm,Proxy SwitchySharp
eaabbbedehhbogefnfdakijemlefkkeh,Colorful Galaxy
eajlgdnpohfeclpikjpnhadfkboknaop,Prodigy X Loader
ebdgijnbkbbklimahaehhhdcjfckbeic,???????????
ebhipgoogjmmfbefhphjiekeabgnojli,Roblox
ecbnojockcgfohpopbphhgefkfbigcej,Flash Player Emulator 2023
ecnphlgnajanjnkcmbpancdjoidceilk,Kami for Google Chrome™
ecplkkpgkihacfmjnlfhhnggedgengla,Naruto New Tab
edbgoocdeaamfeeeocpfkpfjmjnmhcla,paint page
eedlgdlajadkbbjoobobefphmfkcchfk,Ecosia - The search engine that plants trees
eefnkdfimajimjhlhohmgjiokophhpgk,Powerline Name Extender
eeiiknnphladbapfamiamfimnnnodife,Search for a Cause
eekailopagacbcdloonjhbiecobagjci,Go Back With Backspace
eenjdnjldapjajjofmldgmkjaienebbj,Copyfish ?? Free OCR Software
efaidnbmnnnibpcajpcglclefindmkaj,"Adobe Acrobat: PDF edit, convert, sign tools"
efjilblbfmmbpckpldinnlejapcgjmfm,Shell Shockers io
egkikapjpndmjflbjjoondbihalgdjco,Hair on Screen
ehdgodeenaoekebeemlofcnekaabmgki,Recipes 4 Ever
ehpgcagmhpndkmglombjndkdmggkgnge,New Tab for Google Workspace™
eicelaceidlcdajbnlldmpgaoinmadmi,Secured Browse
eiimnmioipafcokbfikbljfdeojpcgbh,BlockSite: Block Websites & Stay Focused
eimadpbcbfnmbkopoojfekhnkhdbieeh,Dark Reader
ejbalbakoplchlghecdalmeeeajnimhm,MetaMask
ejfmffkmeigkphomnpabpdabfddeadcb,Vimeo Record - Screen & Webcam Recorder
ejgnolahdlcimijhloboakpjogbfdkkp,"Meow, The Cat Pet"
ejkiikneibegknkgimmihdpcbcedgmpo,Volume Booster
ekgpjidgffefmpgeaenbjeaflgikoidm,Free VPN Proxy
ekjkklcgfckldgeihbnnckofgilnmafm,Paint Online
eklmoeocdgijkjacmegokbdmdnpfabkm,Free File Converter Online
ekmpbacnhaailfeebjmpoeifoobmpfhk,Custom Cursor for Microsoft Edge™
ekoakjipfmjpmlkldiikhoigaflfkjej,Prodigy Hacking Extension | PHEx
elbejlmapdnkbjofccadjlkmcpggfclg,A Passion
eldjnmdpkecnjjkmmgndpcibgkfpodfh,Browse Securely for Chrome™
elfmpgajdjmknldbbicgpdiaalbkkioc,WriteAssist-ChatGPT
elggcfikfbaijgcofcapgeahjaclpfnf,Auto Youtube Shorts Scroller
elhekieabhbkpmcefcoobjddigjcaadp,"Adobe Acrobat: PDF edit, convert, sign tools"
emhginjpijfggbofeediiojmdlmlkoik,Avast Passwords
emonffjlhbfdnkchclfmoolfcjlcfefg,Pixel Combat 2 unblocked game
enfdjgblonbdkklieefmbmgcnmkhaocp,Free Browser Tools
enfolipbjmnmleonhhebhalojdpcpdoo,Screenshot reader
enmjblnhlnoiimebechaigklkjnjedhd,Trainual Chrome Extension
ennmhlikbaeahooaiaeanhcdddgibkoi,URL Safety
eoclijfghiglinncpceohgaigfgnlbim,Total Privacy for Chrome™
eodmdgdoopafccfadcokbfjcofabkhbj,Geoguessr Cheat Extension [UPDATED 2022]
eohnondoaoaihcmpcoigonolnnpkfeki,Lamborghini Aventador - Paris Theme
eoloebjcighkdkhdcbgooioeigbedihj,Music Speed Changer
epcihifbffodmnbbnjgancnlodhbkhcl,To Discord
ephbfladbbobccoafbbpomkjihfohkin,Cutealism
eppiocemhmnlbhjplcgkofciiegomcon,Urban Free VPN Proxy
f73a2c32b93cc46ec935b3a29f5457a7,Google docs offline
faiddpgkbfcfkppianeoaamoccbnllgi,All File Converter
fanhhhfelpcpooneocmpflfmanilinao,Killerwhale (kéet)
fbeffbjdlemaoicjdapfpikkikjoneco,Scratch Addons
fbekjliiclfhdoldplapoaendbmnaglj,Cute Custom Cursors 2022 for Chrome
fbgcedjacmlbgleddnoacbnijgmiolem,Microsoft Rewards
fbkckknfepmjednmkdkmplplcggkfbbn,Roblox Live Sales Count
fcdbimocephnflhcladjelkceaefdcjh,Fullscreen Interactive Google Slides(TM)
fcfhplploccackoneaefokcmbjfbkenj,1clickVPN - Free VPN for Chrome
fckpncjfkhefohnppjfnoemamjibmibh,Disney at Dusk
fdcgdnkidjaadafnichfpabhfomcebme,ZenMate Free VPN–Best VPN for Chrome
fdgpikaaheckgdijjmepmdjjkbceakif,Avast Online Security & Privacy
fdhgeoginicibhagdmblfikbgbkahibd,McAfee® WebAdvisor
fdjamakpfbbddfjaooikfcpapjohcfmg,Dashlane — Password Manager
fdpohaocaechififmbbbbbknoalclacl,GoFullPage - Full Page Screen Capture
feepmdlmhplaojabeoecaobfmibooaid,OrbitNote
felcaaldnbdncclmgdcncolpebgiejap,Sheets
ffbkglfijbcbgblgflchnbphjdllaogb,Stay secure with CyberGhost VPN Free Proxy
ffnollhbblfkkoionkipdjfepajlbeop,No limits of Speed
fgddmllnllkalaagkghckoinaemmogpe,ExpressVPN: VPN proxy for a better internet
fgnplmdfcbmjbmifhkchinnhbbpognci,Security Suite
fheoggkfdfchfphceeifdbepaooicaho,McAfee® WebAdvisor
fhfidmlnclkepgapcephbaciajegheco,Ecosia - The search engine that plants trees
fhiiiglcdobdeaenhmdlodmmjghhmeja,Watch TV
fhlidomodkicgjafmppbblmgbkdcjpad,RetailMeNot Deal Finder™
fhnkibfmfnbebnhcihmpdbibjgolbifm,Microsoft Teams Chat Extractor
fiombgjlkfpdpkbhfioofeeinbehmajg,Word Online
fjekbjmijhhpcdclgmejeadnpiepncbc,what color
fjffcfmgjapbeojnbalgnhlmglnpdlfl,Slither Pro
fjggbafppemkjilmleaibofamjedkkgb,Coin Toss
fjiiikojnkdhmnbhcdkieejjjohfpcoo,Cut The Rope Original
fjnbnpbmkenffdnngjfgmeleoegfcffe,Stylish - Custom themes for any website
fjoaledfpmneenckfbpdfhkmimnjocfa,NordVPN - VPN Proxy for Privacy and Security
fkdjhomfkhllofmhjhnecclikkdhkjpj,MagnetStream - Watch Full HD Movies Online
fklljnhmbagigkninckdfeknliepoock,Pink Triangles
fklpgenihifpccgiifchnihilipmbffg,Caret Browsing
fkmaadlipkibabccamkbjjaklifnohhp,Mickey Sketch Theme
flinoafkglcecbpipdiokmpfjkkhhchi,Dark Theme for Google™
flkdlmkdggpglddpfmepfofgmlbcbhca,Nature Undefined
fmfibdjbnmndigbklnlllakjbjheiopj,Kingdom Rush Frontiers
fmidkjgknpkbmninbmklhcgaalfalbdh,Use Immersive Reader on Websites
fmmoflhbelebkpdghapeojcicfpginji,Simple Online Recipes
fmngeekpbknidojdgpbhajnbmcmemkjf,Neo Golf
fndokfnecpehdehdjpdldadienbcjllf,GG Auto Clicker 1.1
fnjlfdbkccdjdimfeodmflindgceoadi,Fidget Spinner
fnnjfigkmafppmbjblkpdiloecmbachd,Geoguessr Hack Extension
fnplhdldnhaodknidfddmkfdhlhjihpd,Scientific Calculator
focnkmidoapkboinbpdagaomdhpiicch,AMONG US Free Windows PC Version
foocngohimdoacmhbjfkdldchhiipieo,Bits + Pieces
fpbdilcfficmipfhflimkhokccldbhph,Stadia Hunters
fpckohnjiaonmklkjnlplokplhhijalm,Web Safety
fpjppnhnpnknbenelmbnidjbolhandnf,Enable Copy Paste
fpmapakogndmenjcfoajifaaonnkpkei,Proctorio
fpnmgdkabkmnadcjpehmlllkndpkmiak,Wayback Machine
gamlckmepdclkglolaedeigblmmpmfhf,Dark theme for VK.COM | Night Mode for Vkontakte™
gandnjjljgomdonoidfcjjockjngkjcc,Dice Thrower
gbkeegbaiigmenfmjfclcdgdpimamgkj,"Office Editing for Docs, Sheets & Slides"
gbohbkeglcbaejjpmmdhnjnhflleaabi,Roll20 Character Sheet Exporter for 5e
gcfefmncefkaghcobeocaekopmmpofmc,NinjaCapture - Quick & Easy Screen Capture
gcgmlgdojpgbplmioibhbnpkfhcbmaok,RGB Ravens
gckdgflpkhhddabpbmmoanbamjhihknb,Video Downloader
gcoekeoenehjmndhkdnoomdjeaclkhbe,Nearpod for Classroom
gcpmonjkckddcljdphodlhmoceofifab,Sonic Hedgehog Unblocked
gdhnniabnphencplancldglaflfafmfj,Quick Copy Roblox IDs
gebbhagfogifgggkldgodflihgfeippi,Return YouTube Dislike
gechcfjojodafcpggkekfkkfpjacenno,Free Games
geecgiclhemdbkmmbflfdophmppjjial,Inline HLS Player
gehmmocbbkpblljhkekmfhjpfbkclbph,Dashlane - Password Manager
gehplcbdghdjeinldbgkjdffgkdcpned,Cookie Clicker Mod Manager
gekdekpbfehejjiecgonmgmepbdnaggp,Total Adblock - Ad Blocker
genmljhgfodpjfcadcoefhmknffblfmn,Geometry Dash Mod Apk [Guide]
gfbepnlhpkbgbkcebjnfhgjckibfdfkc,FantasyPros: Win your Fantasy League
gfdkoahooibdcaeejmhidmldhlgemkoa,Fire Shield for Chrome™
gfpphfadinalebmmjaamocgoakipkolj,ROBLOX Follow Checker
gggopmkdggckhpcnlmmhkbgcgmbknhkn,Identity Protector for Chrome™
ghbmnnjooekpmoecnnnilnnbdlolhkhi,Google Docs Offline
ghihpjhpgdepnohngpgfcmcijmkggpaf,Screen Capture
ghpfknnfhakcngbpejoakfcndhmhffkj,Save Inspect Element
giabbpobpebjfegnpcclkocepcgockkc,Screenshot Capture
giaoehhefkmchjbbdnahgeppblbdejmj,Mike Adblock For Youtube | Youtube Ad Blocker
gibkoahgjfhphbmeiphbcnhehbfdlcgo,Tab for a Cause
gicicobelopnmnficgpbmhhkcgpbjgig,Sonic And all Stars racing Transformed #1
gighmmpiobklfepjocnamgkkbiglidom,AdBlock — best ad blocker
gipflfpkiocnigbpalofdghmpeigegah,Xbox New Tab
gjamigcbpdchilkkhdedpiempbeknbli,AZMovies Download Free Movies
gjknjjomckknofjidppipffbpoekiipm,VPN Free - Betternet Unlimited VPN Proxy
gjldcdngmdknpinoemndlidpcabkggco,Extension Manager
gkddaofiamhgfjmaccfcfpfolpgbeomj,Cut the Rope
gkmfklmmoioijpjndhdhogcefdbfcfho,Google Classroom Dark Mode
gkojfkhlekighikafcpjkiklfbnlmeio,Hola VPN - The Website Unblocker
glbpkcehjkihaknkjifkehdpjfngbdga,Google Mail Checker
glcgaafaelofmomaddnfbjoknlmadldk,Slope Unblocked
gmfgalicoeacemhkeakceigfeofbchod,More Colors for Calendar!
gmgoamodcdcjnbaobigkjelfplakmdhh,Adblock Plus - free ad blocker
gmmlpenookphoknnpfilofakghemolmg,Rakuten: Get Cash Back For Shopping
goenfhmignkageljjibdoddnklbbadca,Rooftop Snipers Unblocked
gogofioncfjicooahkbfedoncbjngbca,Naruto Shippuden Wallpaper HD New Tab
gohjpllcolmccldfdggmamodembldgpc,Shimeji Browser Extension
goiejopegncpjmocklmfiipofdbkhpic,Doodle Jump Ninja
gojbdfnpnhogfdgjbigejoaolejmgdhk,OneNote Web Clipper
gomekmidlodglbbmalcneegieacbdmki,Avast Online Security & Privacy
gpahbdchbfofplfeaeipcphhbdhdpnae,Pride
gpghebehjahceknfdcfifeifhdbongld,Web Results for Chrome™
gpmljinohlbfgmeoaeceoajachkabijo,Awesome Screenshot and Screen Recorder
hadbegkagjbgogfiidfjcfopgghndafa,Free Document Converters
haldlgldplgnggkjaafhelgiaglafanh,Angel4Games
hbkpclpemjeibhioopcebchdmohaieln,BTRoblox - Making Roblox Better
hblgnkilfpgjgncgjjkdckoimlbfjlko,Fishtank
hcfpjjpaioejgpekffhgdlncdlbclhef,Standoff 2 Multiplayer Fps
hdgpgojdhdpdfjpoofcijhfedimhjngb,Shell Shockers IO Game New Tab
hdhinadidafjejdhmfkjgnolgimiaplp,Read Aloud: A Text to Speech Voice Reader
hdokiejnpimakedhajhdlcegeplioahd,LastPass: Free Password Manager
hehijbfgiekmjfkfjpbkbammjbdenadd,IE Tab
hepmlgghomccjinhcnkkikjpgkjibglj,Timer
hfhhnacclhffhdffklopdkcgdhifgngh,Camera
hfmkllfplegemejikoabfpjdaoncphip,Lone Tree
hgcchfenipapcljbhflknmmfbaaibekj,All Best Recipes
hgoflmajhinnohnhkfeggflmmppiilck,Black blue shards
hhdddgombcggoeedkgelollagijjgnmo,Butterflies
hhdobjgopfphlmjbmnpglhfcgppchgje,AdGuard VPN — free & secure proxy for Chrome
hipncndjamdcmphkgngojegjblibadbe,Free VPN Proxy and ad blocker - Planet VPN
hjiiblbabejlhkfegndjbhbcbcidfedi,Free Spirit
hjngolefdpdnooamgdldlkjgmdcmcjnc,Equatio - Math made digital
hkdmdpdhfaamhgaojpelccmeehpfljgf,Video Downloader Plus
hkgfoiooedgoejojocmhlaklaeopbecg,Picture-in-Picture Extension (by Google)
hkmnokmdbkkafgmpfhhiniclfnfpmogj,Amazon Assistant
hljpkckjkdmaaajkajmdlmhbginbgibg,Private Web
hlkenndednhfkekhgcdicdfddnkalmdm,Cookie-Editor
hlmflgnnmmojlnbmaokpfcjdkhkjbnok,Nebula
hlppghpgkinhomcehphccgkbjkbkcgkh,FNF MODS
hmbjbjdpkobdjplfobhljndfdfdipjhg,Zoom
hnaenmhgjlogfiaikmlieimdpjdmbfgh,2048 - MegaPack of Classic Games
hnhpmjnpbniipmhfkibjbplgkobpejbi,? 123Movies - New Official Website Unblocked
hniebljpgcogalllopnjokppmgbhaden,Screen Recorder
hnmpcagpplmpfojmgmnngilcnanddlhb,Windscribe - Free Proxy and Ad Blocker
hoimpamkkoehapgenciaoajfkfkpgfop,OneTab
hokillghkfaikjgejlcogmfnnbflnhkn,Free Game Loop
honjcnefekfnompampcpmcdadibmjhlk,LanSchool Web Helper
hpakfpbdhgblceoipepkpghpaihoiham,Unlocker
hpenfopogkamibjfobmdbdclpefokejk,superReply - Upgrade Your Email Game
hpgaehmokjbdfkbgkeifbfogjalkpfgb,NTL MOD for Slither.io
hpobmigggikgjpfadjandajhjifcfagl,Smart Reload - Unblock Websites in India
iaddkdiibkddhdbcmmplkhcpgeinggfo,??????? ??????
iaigceaehdihlnolehbapjfbbfpnlngg,Mirroring360 Sender for Chrome
iapifmceeokikomajpccajhjpacjmibe,Auto Clicker - AutoFill
ibggmlahcckfbcghmbnbdmkmolmaejfc,Aavegotchi Extension
ibmdbhboiekjjoadjahpnmmcgdmabbdf,VPN Plus - Best VPN for Chrome
ibmdhijdbildmccjkibaccfiphafjhod,Privacy Everywhere
ibmhijpaejbhbhdddifhgpdogoapclgj,Watch Movies Online
icangefcckcnobgbaemlagpojoecdcco,Is This Website Safe for Chrome™
icdicfdmhjgfmjfmbblepojglhebhfbo,Roblox Download
icdipabjmbhpdkjaihfjoikhjjeneebd,Kindle Cloud Reader
icempppimphheennghpecpkheibidefo,"Microsoft Bing Homepage, Search & News"
idmnciiknelklflhdlnkokcoihkidkln,Dark Space
iefmdnpfgdimdohlccbhlbkdmhfpobjc,2014 Christmas Anime theme - 8/13 - 1920x1080
ienfdfooajmkbebiaplehejbamefbboi,My Downloads
ifajfiofeifbbhbionejdliodenmecna,Co:Writer
ifbkgglnplckcplnebolgedgmhgbgpmi,Friday Night Funkin unblocked
ifbmcpbgkhlpfcodhjhdbllhiaomkdej,Office - Enable Copy and Paste
ifhmghocjeejojcpccmopfnhcdibglmf,purple bubble
ifoakfbpdcdoeenechcleahebpibofpc,Dark Reader
igdjgnapghemmbpaheklhpaimopcanni,Connect for Chrome - Education
igfgceofdhhgnpbnokpgnmgejaddnjla,Extension Toggle for Chrome™
ighdimaffbhlikdnbknegobblbanofff,Fruit Cutter
ighhdikapddjihgaphbnbcgipafcamjk,Under The Leaf
iginnfkhmmfhlkagcmpgofnjhanpmklb,Boxel Rebound
ihdflmhbmeboadhofjcjajbclckjcnpk,Friday Night Funkin Game New Tab
ihidolefpgnimlmgfljonacidpkmbhcl,ClassLink Analytics+
ihiogfkjmijjjiinffcchkcmlhhglmpf,iMessage For PC Window 11/10/8 Mac BG
ihnhjebaailijibbfnhnjlnncnbmkplg,Pagani Huayra Project Cars
iidnbdjijdkbmajdffnidomddglmieko,QuillBot for Chrome
iikmkjmpaadaobahmlepeloendndfphd,Tampermonkey
ijkmjnaahlnmdjjlbhbjbhlnmadmmlgg,2048
ikdddppdhmjcdfgilpnbkdeggoiicjgo,Cisco Webex Extension
ikkmlinflfffinhglacakfnkapjfpkno,"Cookie clicker, clicker"
ilgbcnkedmncjlhpfconadpjnhlflejf,Check My Permissions for Chrome
imhhfjfjfhjjjgaedcanngoffjmcblgi,Trend Micro Check - Browser Security
inbgjjehigpmekicfkpbkiblipimbjfi,Halo – Master Chief
inoeonmfapjbbkmdafoankkfajkcphgd,Read&Write for Google Chrome™
inomeogfingihgjfjlpeplalcfajhgai,Chrome Remote Desktop
ioaplpondpicpdlfoccpaenbdinbdbpi,GeForce Now Web Enabler
iobjaooppmgjlgomfpaohhncpfjpigaf,XLS Editor
ioimlbgefgadofblnajllknopjboejda,Transpose ?? pitch ? speed ? loop for videos
ipdjnhgkpapgippgcgkfcbpdpcgifncb,Emoji Keyboard by JoyPixels®
ipieahghnfclahfpgajdencdajlbeoal,Convert Files For Me
jabopobgcpjmedljpbcaablpmlmfcogm,WhatFont
jaiaaplbfbjeldfedbohkflfdlnhhgfe,Retro Bowl - Unblocked & Free
jajilbjjinjmgcibalaakngmkilboobh,Astar VPN - Free and fast VPN for everyone
jammgopjmlachkjhifkdjccbphdcapei,Classic Blue Theme (back to 50)
jaoafpkngncfpfggjefnekilbkcpjdgp,Free VPN Chrome extension - Best VPN by uVPN
jcbiifklmgnkppebelchllpdbnibihel,Free VPN
jdffnpgoekmmkfgfflnpmonkldllfmbh,Candy Match 3 Puzzle Games
jdgilggpfmjpbodmhndmhojklgfdlhob,Browser VPN - Free Chrome VPN
jeahgicmhigopdgilnmclihdjjlhnmop,Total Safety for Chrome™
jeehnidbmlhpkncbplipfalpjkhlokaa,Poll Everywhere for Google Slides
jeiahlnhacbbdkaniaednfjpaemaghol,Custom Doodle for Google™ - Custom Logo for Google Chrome™
jfbnmfgkohlfclfnplnlenbalpppohkm,Roblox+
jfebfhhbokghjihedfgbfedjgigliogj,Slither.io
jfhmeffjmnkcmdodpeollogmaihcficb,Recolor
jfiihjeimjpkpoaekpdpllpaeichkiod,Page Marker - Draw on Web
jgfbgkjjlonelmpenhpfeeljjlcgnkpe,ClassLink OneClick Extension
jghecgabfgfdldnmbfkhmffcabddioke,Volume Master
jgjaeacdkonaoafenlfkkkmbaopkbilf,ChatGPT for Google
jhigofkbdbndeooldpdhmphldaglejlh,Protecto for Chrome™
jhknlonaankphkkbnmjdlpehkinifeeg,Google Forms
jhnhfnolmcleankdkhfklakpchnccipg,LEGO® MINDSTORMS® Education EV3
jicacccodjjgmghnmekophahpmddeemd,Save to Pocket
jihicnfcjfaflbejkohdeodejenbldmk,Chrome™ Tools
jiihcciniecimeajcniapbngjjbonjan,Vidyard - Free Video and Screen Recorder
jijenaedlggchbklibnecgknagnoilmh,Best Direction
jijknheciphcicdogdihjknndkhhagdn,TikTok Mobile View [2022]
jilechdbojlnkjfimmbijgcfmblddejk,Make Money
jjalcfnidlmpjhdfepjhjbhnhkbgleap,Shodan
jjfblogammkiefalfpafidabbnamoknm,RetailMeNot Deal Finder™?
jjjoiagdgjhecijlkfkipeilgfgbhkgc,Orbital Daggers
jjoopnaocjjmddfhakebddhnaabiofhe,Quick Get QR & Short URL
jkagfomdekeocgkicjolfkpciipclpkb,"Karma | Online shopping, but better"
jkfiikecahagonfbnjfhjphocjlaacmc,Frontier Slither
jkgoidcneenbbjbncgegpledfdolbodh,Unblocker
jlefpjinggjhccheobegboicdcacepfg,ColorFish Color Picker
jlgkpaicikihijadgifklkbpdajbkhjo,CrxMouse Chrome™ Gestures
jlhmfgmfgeifomenelglieieghnjghma,Cisco Webex Extension
jlleokkdhkflpmghiioglgmnminbekdi,GIPHY for Chrome
jmbkkbfdfgabkjjoallagkjoedhheomp,Retro Bowl Online Unlocked [Free Game]
jmkaglaafmhbcpleggkmaliipiilhldn,Video DownloadHelper
jmkicpeaiphmpdcmlcihlpcimfmelbkp,Bloons Tower Defense 5 Unblocked
jnegjmlkajgpjloaanncielldhcedhcp,Pantone Color of the Year 2022
jnhijdocabbfbhdjkdckkkfheobmckgf,Slope unblocked
jnimonidkipnhnpgkhgliocfnnpgkhek,Night Time In New York City
jnkmcgdoifeccbendlbamgblpjmfgdal,Flappy Bird Unblocked
jogkmkalhlbppkpmjdpncmpdcinbkekh,In the Warm Spring Air
jpbjcnkcffbooppibceonlgknpkniiff,Global Speed
jpdmpoamdkdakijogccdmlnbffpchpfg,Pastel Rainbow 1440p
jpjlkkaalgfbbegfnjoclhfidancjpch,Black red shards
jplnlifepflhkbkgonidnobkakhmpnmh,Private Internet Access
kafdgfnbckhdajclialkhoebpopbogkd,Roblox Download
kbajefidbakalojflbaojijekaomlidj,Timer for Google Chrome™
kbfnbcaeplbcioakkpcpgfkobkghlhen,Grammarly: Grammar Checker and Writing App
keadechokmcohlcampccppbjjeabghcd,Quick Search Tool
kekahkplibinaibelipdcikofmedafmb,ClickOnce for Google Chrome
kfdocpnoiimdgjglhkbbbfholbibhgmh,Contact Editor for Google Contacts
kflpnkjgjjgcgbomedddhlfiobfjnnch,aB Spider
kfnaafpoedgfocjkmoebekdkbojhpggn,Ping Pong Game
kgjfgplpablkjnlkjmjdecgdpfankdle,Zoom Scheduler
khbkdfddenodbcodjcnfpgogceaegjpa,Linewize 2022
khdhonfajinmadefpcgifnkgipppfhcp,Work Buddy Web Extension
kibdlmmcjbenipinmagkdagdgommjaig,Zombocalypse unblocked
kiiaghlmeikbpmeabhilfphikfcefljn,Capital One Shopping: Add to Edge for Free
kijeilfmelhiboapbkemleodmdjpgagb,Mickey Mouse The Painter
kioklelcojgbjoljlilalgdcppkiioge,Void Theme - Black and Minimal
kjcmhilkpbfmfjkhagahmeamegogckol,Image Downloader Plus
kjgkmceledmpdnmgmppiekdbnamccdjp,Doodle games
kkaekcleocoobigpfcdbcciimjihepig,Flash Player - emulator
kkdadfeeoaobpjppfohiooibhcffjbcb,Top Files Downloader
kkepemkdiboiecpjlmdmighjkmfokbpm,Promethean® Screen Share
kkgmieonbikkkdklopkdohehjnmdgfnf,OVPN - Free VPN Proxy & Secure for Chrome
kkkldohdhcfhpjchcefpkfhjfeapdmek,Total Adblock - Ad Blocker
kkmlkkjojmombglmlpbpapmhcaljjkde,Zhongwen: Chinese-English Dictionary
klcibacejfbhiohpkiokjikicocnfbom,Internet Clicker for Slides
knfnmpdooheabdagggnbikbmeanglalj,Video Ads Blocker
knhnpokbfeambigpingjlgclehcfagdf,Harry Styles
knikimgpjcbhheppcllhakmobcgfpmac,Video Speed Manager Plus
kpiecbcckbofpmkkkdibbllpinceiihk,DotVPN — a Better way to VPN
lahipjfggmgneaopcckkaipmoandaboo,Sea Foam
lajchlhgfdaopdpingpkefbggcegkgla,Roblox Pro
lanbnojkfmjjgbbpbckdmoimokfcchop,Notification Blocker
laoeehanpnodehnejiknhgghinngkhha,Ro-Customize
laookkfknpbbblfpciffpaejjkokdgca,Momentum
lbmcfpombfmfhgheofkfhmhnmcbomjdd,Gitmoji Browser Extension
lbngfmkpnomjcaclajdbelbnlljechmd,Rooftop Snipers Game
lbpdiapblbagkjmjagfhggojlcclgodo,Pixel Combat: Zombies Strike
lcefjaknjehbafdeacjbjnfpfldjdlcc,Roblox URL Launcher
lchaokfmfhbkepepfgpnogkaigjpejfk,ev io Unblocked Game New Tab
ldeakaihfnkjmelifgmbmjlphdfncbfg,Stadia Enhanced
lebpgjndemdlmdnomallfmkdhakgdoli,MediaSave. Download music free
lfakicjlimnoemeebigakleofmdfpbef,Convert File For You
lfhconmhbmjmncjacfpjmkkjgnbmmfof,One Piece: Monkey D. Luffy (1920x1200) Black
lggmmceliiaoddfnbaccgpfnpoifilic,Bell of Mindfulness
lgknkdljklhkafjfekjjbldfcdnmdpkh,VideoMirror
lhffokagnfjdcelhpgnpepilboclinik,Indigenous Heritage Month
liafhjblpnimknccffddoiglnfgneaib,Web Protection for Chrome
liecbddmkiiihnedobmlmillhodjkdmb,Loom – Free Screen Recorder & Screen Capture
liidigofnkchhgmbdfmmbfcodpecmcii,Classlink Oneclick for Edge
limdjcoihdnphnbbbhnjegjaldcnlkgo,Online Free Convert Files
ljkcmgibdnmdjdfpbggohpophnkiajfm,Rickroll Extension
ljojmlmdapmnibgflmmminacbjebjpno,Google Meet Enhancement Suite
lkjcaojohmmmjdabkldpdhoppcilhhcg,?????????
lkopehaamdldbjehaabfibadlppmcngp,Files Converter For You
llhfdhidddepenjnklbngmapjohlbekh,PrinterLogic Client Extension
lliehpfkblogcdojndaddkfbiijlgphc,Sports Search for Chrome™
lljpgahbeilaecaaiecghpmfajfeclge,Snake game
llkjbclpnjfjacfdbmkllebkoofknfjd,Dogs & Puppies Wallpapers
lmmpgfjnchldhcieiiegcpdmaidkaanb,CroxyProxy Free Web Proxy
lnckbgaeagindapiodcmccfokcmnfecm,Popsicle Sticks - Random student picker
lneaocagcijjdpkcabeanfpdbmapcjjg,Hub VPN - Free VPN Proxy
lnfdmdhmfbimhhpaeocncdlhiodoblbd,VPN Proxy Master - free unblock VPN &security
lochiccbgeohimldjooaakjllnafhaid,IP Unblock - Free VPN to unblock websites
lofodjkbilfilhbmabialcbganiechci,Simple Dark Theme
longgbnofmdadlfgpklfagfimlefidmo,?????? ?????
lpbnbnkiiacfbhcocflggpficnfjbldg,Retro Bowl Online Unlocked [Free Game]
lpcaedmchfhocbbapmcbpinfpgnhiddi,Google Keep Chrome Extension
lpejglcfpkpbjhmnnmpmmlpblkcmdgmi,Delta Free VPN
lpndlakofgdobiiebbbgeokiigpdahel,Audio Player
mafbdhjdkjnoafhfelkjpchpaepjknad,Morpheon Dark
mailokcbipfiidcefdigaoiebmdlgkng,The Forest
majdfhpaihoncoakbjgbdhglocklcgno,Free VPN for Chrome - VPN Proxy VeePN
manapjdamopgbpimgojkccikaabhmocd,Sputnik
mbcgpelmjnpfbdnkbebdlfjmeckpnhha,Mendeley Web Importer
mbldmpdimcodkhimlehfhhfecnngmipp,Ultimate Rickroller
mcanpickmhmbifikmmkacomnejjehijj,Blush River
mcbpblocgmgfnpjjppndjkmgjaogfceg,Take Webpage Screenshots Entirely - FireShot
mclkkofklkfljcocdinagocijmpgbhab,Google Input Tools
mcmmiinopedfbaoongoclagidncaacbd,Run 3 Unblocked
mdanidgdpmkimeiiojknlnekblgmpdll,Boomerang for Gmail
mdhpmdbgkogobnebpgfbnnnbjfohiiee,YouTube Popout Player
mdifmgkofhcnndinbbdbaplplnmdalnc,Classic Blue
mdmnhmmhnjdbfdlkcigodcglmolgohob,Shell Shockers Unblocked - New Tab
mebdlnecnjaccnaaiieeddfjaciljbob,URL Shortener & QR Code Generator - QuickLink
mebphgfpdffafikgeakpkbmlmkbimcmk,Among Us Hack| Always Imposter Hack
meeghbjehpiglipjejhfbdlmcjegklab,Mega Ramp Race Game New Tab
mefhakmgclhhfbdadeojlkbllmecialg,Tabby Cat
memcphligehabnghadofahejdodcfnnb,"Milky Way Stars over Pine Valley, Utah"
mfhehppjhmmnlfbbopchdfldgimhfhfk,Google Classroom
mgbkojamndckbfmhlgcfoopaljhhmckh,"Roblox +, enhance your Roblox.Better Roblox!"
mgdjanllmpigmceojhkjepfjkhejajec,When the Night Falls 1:00 AM (3; blue)
mghabdfikjldejcdcmclcmpcmknjahli,Bass Boost: HD Audio
mhffmephdchhhbfjmdpoaldedhhdanbn,Norton Home Page
mhhlgkfginnlendpfkhcmldikeepoefa,Black & White
mhmphnocemakkjdampibehejoaleebpo,SuperNova SWF Enabler
mjijaapcbpbcppapekipkdhipfcdpidb,Copy and Paste more
mjjgmlmpeaikcaajghilhnioimmaibon,Boxel 3D
mjlbjnagciolegpimabclliiolgeobdn,Rick And Morty Theme
mkaakpdehdafacodkgkpghoibnmamcme,Google Drawings
mkgbnjpecbelajilbdeokhehjfbeglgf,Delta Air Lines SkyMiles® Shopping button
mkjmfnfelagifmamhjibjpggdidpjnjj,Roblox Reviews
mkmpkohmbbocjeikfhphpndilbjpjcha,2014 Christmas Anime theme - 8/13 - 1600X900
mkplpffahhkjfocfbfapcemhhkgmljpn,All Black - Full Dark Theme/Black Theme
mlbfaljhddmcadhldbpbphcghlobfboa,iorad - the tutorial builder
mllkbdnnnkgechccodpganoejpibdmgo,Free Online Tools
mloajfnmjckfjbeeofcdaecbelnblden,Snap&Read
mmeijimgabbpbgpdklnllpncmdofkcpn,Screencastify - Screen Video Recorder
mmgjkfjlmdkmoipndaeombfnomjfgeff,Boxel Golf
mmioliijnhnoblpgimnlajmefafdfilb,Shazam: Find song names from your browser
mmjbimgpcbaegjiieojddickpjbdkeej,Font Picker
mmmdenlpgbgmeofmdkhimecmkcgabgno,Uncanny Cookie Clicker
mnejlibhmapdlfjopobeadmenbbhgelg,Sudoku
mnjdfeljfpojoefkmjdaiemlhibkhkkd,Madalin Stunt Cars 2 Multiplayer
mnjggcdmjocbbbhaepdhchncahnbgone,SponsorBlock for YouTube - Skip Sponsorships
moncllbmpgeokdhbbekemjlmgcmcmmhb,Pretty in Pink
mpcaainmfjjigeicjnlkdfajbioopjko,VPN Unlimited ® Proxy - Best VPN for Chrome
mpdajninpobndbfcldcmbpnnbhibjmch,SAML-tracer
mpmkclglcbkjchakihfpblainfncennj,Pitch shifter - HTML5 Video audio FX
mpnfndnehgmmonhfcfdnaemdeokofgaf,Ncage
nadohmjilefnhjobhhlnnddplaklmnnp,Paint Tool - Marker for Chrome
naiegljfmojjaphollbjobpedcdnkkfp,Rick Roll Detector
naokdbpcldpmlefocioeomehimnnmdmo,Images downloader
nbcojefnccbanplpoffopkoepjmhgdgh,Hoxx VPN Proxy
nbfegodimhenhkghjeppighcbpdinhdp,Hack This Page
nbiicnepglijpadhlapgpcaknkemjbai,Street Fighter - Retro Game
nbkbaafmiooegfmjglgknmjipoijejmb,Minecraft New Tab
nbkomboflhdlliegkaiepilnfmophgfg,Custom Progress Bar for YouTube™
nbmamkkmnnephbajapijnphoocknfhmd,Play Roblox Online For Free Game
nbnhplicmjembdbegdmlhnpddambfodp,Guardio Protection for Edge
nciocjnaipejbklanadllpojoeiniocj,Pride – Asexual
ncmnhiijmdhplkmkpejmmbpjiojchefe,Unblock Everything
ncpkioolbefiinmbflfglojjabaipegg,Safum VPN - free VPN
ndajnaaobjaganokllcgbapngenfbgkc,Fire Shield Overview
ndcileolkflehcjpmjnfbnaibdcgglog,AdBlock — best ad blocker
nddmmcpmdbkooddfjcohmlcfclhllgeh,Flash Player for Chrome
ndjpnladcallmjemlbaebfadecfhkepb,Microsoft 365
nebfgdmbcckgdicofllbbkibfihmcddl,Kahoot Flooder
necjicdkncboglcmpmhgeghdiplfjbik,ISS-Sim Speedrun Timer
neilfchpegceebampmedfpecnomifmmd,ZenMate
neimonjjffhehnojilepgfejkneaidmo,Devolutions Web Login
nenlahapcbofgnanklpelkaejcehkggg,Capital One Shopping: Add to Chrome for Free
nffaoalbilbmmfgbnbgppjihopabppdk,Video Speed Controller
nfhjdkmpebifdelclimjfaackjhiglpc,Slides Timer
nggjjpfnmmaeiobnndiflcekecekmobc,TikTok - Download Without Watermark
nhcbpmhcafjgoeeopghjfgndipjbchfh,Hu Tao Genshin Impact Wallpaper
nhpmkadfmieicpkanpcdmhbgbanflbpa,vpnEstonia - Fastest VPN at lowest latency
nimemoidacklnkobjjbmjclmdalffcjc,Slope Unblocked for Chrome - Online [2022]
nimjhkddhcfphfdjkjjpnedcmphejldo,Halo – Ghosts of Reach
nipggfgilmoiofmnkbeabghbcaohmjih,Adblock for Youtube™
njbdnibcpdbppaidpkopicbkgnbnkkhi,PDF editor online
njcpapmgiimlmlelomamnobmdmhpbfhd,Sound Booster - Increase your volume
njgehaondchbmjmajphnhlojfnbfokng,Video Downloader PLUS
njikhnflhmkjadbppeicblliehkjocgk,Wing Download Manager
nkbihfbeogaeaoehlefnkodbefgpgknn,MetaMask
nkpjpnajjadknlleomolemkkohcjapjf,Filmatory
nlbejmccbhkncgokjcmghpfloaajcffj,Hotspot Shield Free VPN Proxy - Unlimited VPN
nlfpeojcafkcoekoeinbhnahfffkgcgc,Prodigy Chat
nlgphodeccebbcnkgmokeegopgpnjfkc,Super Dark Mode
nlipoenfbbikpbjkfpfillcgkoblgpmj,Awesome Screenshot and Screen Recorder
nllcnknpjnininklegdoijpljgdjkijc,Wordtune - AI-powered Writing Companion
nmfedkijhhigaikbadoijiolmjjgoimd,Keyboard & Mouse for Xbox xCloud
nmggnjomgffcggkphdnmbnblpmdieifl,Space Invaders
nmigaijibiabddkkmjhlehchpmgbokfj,Sound Booster - increase volume up
nmipcbdicnmjoifanpdcjdmifeioglkm,Prodigy Hacking Extension | PHEx
nmkbjkaanoiojdinkkonemgoiapmhood,Show YouTube Dislikes
nmmafealphfeiijjmkmkpbipbimciknb,Online Privacy
nmmhkkegccagdldgiimedpiccmgmieda,Google Wallet
nmpipaajfcpnpblnfemfacdgpjmccamn,Download Templates
nndlkolppogjamclcghenckmillbpoei,Volume Mixer
nngceckbapebfimnlniiiahkandclblb,Bitwarden - Free Password Manager
nocepbfomlobkggpnokaimlijaeapjph,Screencastify - Screen Video Recorder
nomkmakjljpekcjbckcmffldeekdanpa,Slope Unblocked Game
npmjjkphdlmbeidbdbfefgedondknlaf,uTab - Unlimited Custom Dashboard
oaaopmblghnnjfgbgmflnkjkilhihdpb,Cookie Editor
oaljkhbgbedmfoiieocoenglpaeogjmf,Safe Search for Chrome™
obdbgibnhfcjmmpfijkpcihjieedpfah,TypingClub
obhmjjhcdbipcgpdmlnnieciklgcpoha,Lando Norris in Motion
oclfbbdgooklkfaojkmfnloiajlnhdgc,Online Document Converters
odfafepnkmbhccpbejgmiehpchacaeak,uBlock Origin
ofdopmlmgifpfkijadehmhjccbefaeec,Support for Read&Write Desktop
offfjmhfpmhgenhkkalbmadpngolgcgp,Unlocker
ogdlpmhglpejoiomcodnpjnfgcpmgale,Custom Cursor for Chrome™
ogffnhpicoghhpcbememhijlbdejchjb,DashBlox - Improving Roblox
ohcmnblcpeiaggkflpjcnicokhlehfha,Naruto Live Theme
ohdgnoepeabcfdkboidmaedenahioohf,Doodle Jump original
ohgomadpgkjpegimhlajaacfheaiifio,Disney Princess Theme
ohjocgmpmlfahafbipehkhbaacoemojp,hide.me Proxy
ohlencieiipommannpdfcmfdpjjmeolj,Print Friendly & PDF
oijdcdmnjjgnnhgljmhkjlablaejfeeb,The QR Code Extension
ojifphmmjaafomiidoakgihmlmejlcha,geometry dash unblocked
ojkchikaholjmcnefhjlbohackpeeknd,Penetration Testing Kit
okfkdaglfjjjfefdcppliegebpoegaii,"Scribe — Documentation, SOPs & Screenshots"
okggiiagcegdfiajlkodohfkeemnjlnd,Website Safety for Chrome
okglebjjanfmfeifbdlapeanoidbkaif,TellyPrompt
okieddcgchgailcipclhcdecefhocjml,Gacha Club New Tab
okngemjnehmmhpndldiopgfljfcobfnb,Chevrolet Car HD Theme
oligonmocnihangdjlloenpndnniikol,Edpuzzle
ollpphgpdfopboaicbijmelbeninibli,Vidyard - Free Video and Screen Recorder
omdakjcmkglenbhjadbccaookpfjihpa,TunnelBear VPN
omghfjlpggmjjaagoclmmobgdodcjboh,Browsec VPN - Free VPN for Chrome
omieocempinhilcpbmnfdaamgomapded,Better Browse by SecurySearch
onohgkmodhjkbagmoadllmjccpcfccaf,Minecraft: Java & Bedrock Edition
onomjaelhagjjojbkcafidnepbfkpnee,Adblock for Chrome™
oofgbpoabipfcfjapgnbbjjaenockbdp,SetupVPN - Lifetime Free VPN
oooeccgdifgjhdcfkljegakfnicpiknh,Discord Theme
opbggeehngajhmkmdjmfmjnonchepibe,Rick and Morty Wallpaper HD New Tab
opbikpjfncoihojpfdlbiapifmplhofn,Drift Hunters Unblocked Game New Tab
opciacmmajmekmbihaheajbbhngilnci,Wandering Fields
opdaekibhicejocjkaekfecdjmjgojjo,Kami for Microsoft Edge™
oppflpnigmhkldmdmmbnopidlhahanji,Snake
padekgcemlokbadohgkifijomclgjgif,Proxy SwitchyOmega
paijmjmfnjcbjlimjeminlepannmimbi,Pear Deck Power-Up
pbjikboenpfhbbejgkoklgkhjpfogcam,Amazon Assistant for Chrome
pcedhgghoalplpjcnmngmeajomcpbjif,Sound Booster 2022
pckpeijikalgmafjacnhhplpobcmcbdi,Modern Tetris
pclechhojegjkgkglclmihkphgpcjeph,Package Finder Now
pcmklkffcneafillgbbpphkkofelpedo,Discord Enhancer
pdffkfellgipmhklpdmokmckkkfcopbh,AdGuard AdBlocker
pebekgjdpmmlamdkfkchgccndoemfnhh,Cookie Clicker Unblocked Game New Tab
peeblnkechlikhdpikkjeakjbpnifmkf,1v1 LOL Unblocked Game
pegbcdkgejkhafedjabljgfjkmknghab,Green Blocker
pembccdigcahnckbjcbehhcacplbbomj,myHomework Student Planner
pfnadokjbbjpjakjphhpoijjdadmpoha,Moviesm
pgamlijkhmkiddneaedbpgmdadaedahp,Mad Gunz Unblocked
pgjjikdiikihdfpoppgaidccahalehjh,Speedtest by Ookla
pgjkoiobndeeioinhhloijegiabpnmge,Convert File Free Online
pgkfdknjaidahdoiodilffcnafbfffjo,Browser Ghost
pgpkohbgbjmihckldcacljomfkkaogjd,Zero Noise Classroom
phaodiidhofhdmfkjiacigibgikhfafn,Qudelix
phfkifnjcmdcmljnnablahicoabkokbg,Cute Cursors for Chrome
pidkjcapccmhpdokcjnkngcflobhopdl,Flappy Bird Offline
piklelgilkpgdfohojnbkfheigoglokn,Volume Booster
pjafcgbpdclmdeiipolenjgkikeldljl,Chrome Piano
pjkljhegncpnkpknbcohdijeoejaedia,Gmail
pldbhmlccdhimdjhhpedahmnffdiplff,WIDCOMM Bluetooth
plhigbggmkcenbdicegndnfdkggfppae,Metronome
plpdjphfomimmeenncemjcldcldknnfb,Among Us Unblocked
pmacjmpebjjabkmlhngiddahnmpijgah,?????
pmgmbeeafpdjjhmeaalneginpmdhamhe,Content Grade for Chrome
pmjeegjhjdlccodhacdgbgfagbpmccpe,Clockify Time Tracker
pmnphobdokkajkpbkajlaiooipfcpgio,Screen Capture
pnfonnnmfjnpfgagnklfaccicnnjcdkm,Read Aloud: Texto A Voz
pnglghgjhaklojnjpkhcdidgalehmkbn,ChatGPT for Search Engines
pocpnlppkickgojjlmhdmidojbmbodfm,Chromebook Recovery Utility
pojijacppbhikhkmegdoechbfiiibppi,Remote for Slides
pombijnfdniijieijlagmomnbhjmfcel,Damnation Creek Trail - 2560x1440
ppeihccligfpialonhbnjeeehibfiada,GameLoop - PC Android Emulator
ppnbnpeolgkicgegkbkbjmhlideopiji,Windows Accounts
ppodmhbnneeclellfbmhjlkkojfpjjfn,Kahoot Keys
